{
  "rank": 7,
  "world_size": 16,
  "num_steps": 10,
  "statistics": {
    "compute": {
      "count": 10,
      "min": 0.15961789999710163,
      "max": 2.153941599994141,
      "mean": 0.5058621899981517,
      "std": 0.5566653638473152,
      "p95": 0.4794382999971276,
      "p99": 0.4794382999971276
    },
    "sync": {
      "count": 10,
      "min": 0.013959299998532515,
      "max": 0.14400909999676514,
      "mean": 0.03184540999791352,
      "std": 0.037814681146148346,
      "p95": 0.034563799999887124,
      "p99": 0.034563799999887124
    },
    "optim": {
      "count": 10,
      "min": 0.0006431000001612119,
      "max": 0.0014383000016096048,
      "mean": 0.00078436000039801,
      "std": 0.00022191883346135517,
      "p95": 0.0007704000017838553,
      "p99": 0.0007704000017838553
    },
    "iter": {
      "count": 10,
      "min": 0.18230719998973655,
      "max": 2.299388999992516,
      "mean": 0.5384919599964633,
      "std": 0.5939019301265865,
      "p95": 0.49967979999200907,
      "p99": 0.49967979999200907
    },
    "grad_norm": {
      "count": 10,
      "min": 0.018649213016033173,
      "max": 0.07196954637765884,
      "mean": 0.04028329197317362,
      "std": 0.014933572296087494,
      "p95": 0.05234864726662636,
      "p99": 0.05234864726662636
    },
    "loss": {
      "count": 10,
      "min": 1.6049282550811768,
      "max": 1.6234828233718872,
      "mean": 1.6138168931007386,
      "std": 0.005324768277948149,
      "p95": 1.6198692321777344,
      "p99": 1.6198692321777344
    }
  },
  "trajectories": {
    "compute_times": [
      2.153941599994141,
      0.4009020999947097,
      0.26492639999923995,
      0.35859530000016093,
      0.3327257999990252,
      0.4794382999971276,
      0.4109574000030989,
      0.15961789999710163,
      0.25477089999913005,
      0.24274619999778224
    ],
    "sync_times": [
      0.14400909999676514,
      0.034563799999887124,
      0.017337199999019504,
      0.015857899998081848,
      0.014076399995246902,
      0.01948669999546837,
      0.013959299998532515,
      0.022028799998224713,
      0.02056330000050366,
      0.01657159999740543
    ],
    "optim_times": [
      0.0014383000016096048,
      0.0007704000017838553,
      0.0007611000037286431,
      0.0007412999984808266,
      0.0007009999972069636,
      0.0007547999994130805,
      0.0006431000001612119,
      0.0006604999944102019,
      0.0006868000054964796,
      0.0006863000016892329
    ],
    "iter_times": [
      2.299388999992516,
      0.4362362999963807,
      0.2830247000019881,
      0.3751944999967236,
      0.34750319999147905,
      0.49967979999200907,
      0.4255598000017926,
      0.18230719998973655,
      0.2760210000051302,
      0.2600040999968769
    ],
    "grad_norms": [
      0.04644457995891571,
      0.07196954637765884,
      0.043498121201992035,
      0.047990474849939346,
      0.039830971509218216,
      0.05234864726662636,
      0.028852874413132668,
      0.018649213016033173,
      0.027254929766058922,
      0.02599356137216091
    ],
    "losses": [
      1.6135461330413818,
      1.6234828233718872,
      1.609731912612915,
      1.6106443405151367,
      1.6198692321777344,
      1.6151419878005981,
      1.6083152294158936,
      1.6148890256881714,
      1.6176199913024902,
      1.6049282550811768
    ],
    "bytes_transferred": [
      27188,
      27188,
      27188,
      27188,
      27188,
      27188,
      27188,
      27188,
      27188,
      27188
    ],
    "epochs": [
      0,
      0,
      0,
      0,
      0,
      0,
      0,
      0,
      0,
      0
    ],
    "steps": [
      0,
      1,
      2,
      3,
      4,
      5,
      6,
      7,
      8,
      9
    ]
  }
}