{
  "rank": 0,
  "world_size": 1,
  "num_steps": 10,
  "statistics": {
    "compute": {
      "count": 10,
      "min": 0.0057473999995636404,
      "max": 0.3989379000004192,
      "mean": 0.04609874999996464,
      "std": 0.1176174087580568,
      "p95": 0.008990299999823037,
      "p99": 0.008990299999823037
    },
    "sync": {
      "count": 10,
      "min": 0.00023890000011306256,
      "max": 0.0034916999993583886,
      "mean": 0.0008334599998306658,
      "std": 0.0011036183090500128,
      "p95": 0.0024955999997473555,
      "p99": 0.0024955999997473555
    },
    "optim": {
      "count": 10,
      "min": 0.0005902999992031255,
      "max": 0.011231999999836262,
      "mean": 0.001893389999986539,
      "std": 0.0031272428301380418,
      "p95": 0.001662900000155787,
      "p99": 0.001662900000155787
    },
    "iter": {
      "count": 10,
      "min": 0.00673829999868758,
      "max": 0.4136615999996138,
      "mean": 0.048825599999781845,
      "std": 0.12162044583054356,
      "p95": 0.011522299999342067,
      "p99": 0.011522299999342067
    },
    "grad_norm": {
      "count": 10,
      "min": 0.7210152745246887,
      "max": 1.1680437326431274,
      "mean": 0.860741811990738,
      "std": 0.15232987483716276,
      "p95": 1.1375558376312256,
      "p99": 1.1375558376312256
    },
    "loss": {
      "count": 10,
      "min": 1.5596227645874023,
      "max": 1.7321929931640625,
      "mean": 1.6059181809425354,
      "std": 0.048460109424747835,
      "p95": 1.6404590606689453,
      "p99": 1.6404590606689453
    }
  },
  "trajectories": {
    "compute_times": [
      0.3989379000004192,
      0.0057473999995636404,
      0.007503099999667029,
      0.008990299999823037,
      0.006453699999838136,
      0.0061025000004519825,
      0.007422300000143878,
      0.005947200000264274,
      0.005899300000237417,
      0.007983799999237817
    ],
    "sync_times": [
      0.0034916999993583886,
      0.0003035000008821953,
      0.0003071000001000357,
      0.00033149999944726005,
      0.00023890000011306256,
      0.0002440999996906612,
      0.00028839999959018314,
      0.0003851000001304783,
      0.00024869999924703734,
      0.0024955999997473555
    ],
    "optim_times": [
      0.011231999999836262,
      0.0007456999992427882,
      0.0006983000002946937,
      0.0007825000002412708,
      0.0006352000000333646,
      0.001662900000155787,
      0.0006398000004992355,
      0.0009043000000019674,
      0.0005902999992031255,
      0.0010429000003568945
    ],
    "iter_times": [
      0.4136615999996138,
      0.006796599999688624,
      0.008508500000061758,
      0.010104299999511568,
      0.007327799999984563,
      0.00800950000029843,
      0.008350500000233296,
      0.00723660000039672,
      0.00673829999868758,
      0.011522299999342067
    ],
    "grad_norms": [
      0.7939585447311401,
      0.781160831451416,
      0.7210152745246887,
      0.8834821581840515,
      0.7814651131629944,
      1.1680437326431274,
      0.7272923588752747,
      0.7962372899055481,
      1.1375558376312256,
      0.8172069787979126
    ],
    "losses": [
      1.5989478826522827,
      1.5596227645874023,
      1.5677871704101562,
      1.6002366542816162,
      1.7321929931640625,
      1.6243877410888672,
      1.5717482566833496,
      1.580345869064331,
      1.5834534168243408,
      1.6404590606689453
    ],
    "bytes_transferred": [
      27188,
      27188,
      27188,
      27188,
      27188,
      27188,
      27188,
      27188,
      27188,
      27188
    ],
    "epochs": [
      0,
      0,
      0,
      0,
      0,
      0,
      0,
      0,
      0,
      0
    ],
    "steps": [
      0,
      1,
      2,
      3,
      4,
      5,
      6,
      7,
      8,
      9
    ]
  }
}