{
  "rank": 5,
  "world_size": 16,
  "num_steps": 10,
  "statistics": {
    "compute": {
      "count": 10,
      "min": 0.15107379999972181,
      "max": 2.2660501999998814,
      "mean": 0.5138802100009343,
      "std": 0.5914302617897688,
      "p95": 0.4856571999989683,
      "p99": 0.4856571999989683
    },
    "sync": {
      "count": 10,
      "min": 0.01670169999852078,
      "max": 0.2947496000051615,
      "mean": 0.05248747000005096,
      "std": 0.08121330131421077,
      "p95": 0.047261499996238854,
      "p99": 0.047261499996238854
    },
    "optim": {
      "count": 10,
      "min": 0.0006627999973716214,
      "max": 0.0014818999989074655,
      "mean": 0.0008489400010148529,
      "std": 0.00023234939663180747,
      "p95": 0.0009711999955470674,
      "p99": 0.0009711999955470674
    },
    "iter": {
      "count": 10,
      "min": 0.18387080000684364,
      "max": 2.5622817000039504,
      "mean": 0.5672166200020001,
      "std": 0.6717549546551533,
      "p95": 0.5141785999949207,
      "p99": 0.5141785999949207
    },
    "grad_norm": {
      "count": 10,
      "min": 0.018649213016033173,
      "max": 0.07196954637765884,
      "mean": 0.04028329197317362,
      "std": 0.014933572296087494,
      "p95": 0.05234864726662636,
      "p99": 0.05234864726662636
    },
    "loss": {
      "count": 10,
      "min": 1.5993379354476929,
      "max": 1.6204619407653809,
      "mean": 1.6097849011421204,
      "std": 0.006616345861707772,
      "p95": 1.616481900215149,
      "p99": 1.616481900215149
    }
  },
  "trajectories": {
    "compute_times": [
      2.2660501999998814,
      0.39473069999803556,
      0.26343959999940125,
      0.351283500000136,
      0.3314743000009912,
      0.4856571999989683,
      0.41095640000276035,
      0.15107379999972181,
      0.2560196000049473,
      0.22811680000449996
    ],
    "sync_times": [
      0.2947496000051615,
      0.047261499996238854,
      0.0186734000017168,
      0.027203800003917422,
      0.01670169999852078,
      0.027789399995526765,
      0.018243799997435417,
      0.032083600002806634,
      0.022343399999954272,
      0.019824499999231193
    ],
    "optim_times": [
      0.0014818999989074655,
      0.0007782000029692426,
      0.0009711999955470674,
      0.0009496000056969933,
      0.0007138000000850298,
      0.0007320000004256144,
      0.0007129000005079433,
      0.00071340000431519,
      0.0006627999973716214,
      0.0007736000043223612
    ],
    "iter_times": [
      2.5622817000039504,
      0.44277039999724366,
      0.2830841999966651,
      0.3794369000097504,
      0.348889799999597,
      0.5141785999949207,
      0.4299131000007037,
      0.18387080000684364,
      0.27902580000227317,
      0.24871490000805352
    ],
    "grad_norms": [
      0.04644457995891571,
      0.07196954637765884,
      0.043498121201992035,
      0.047990474849939346,
      0.039830971509218216,
      0.05234864726662636,
      0.028852874413132668,
      0.018649213016033173,
      0.027254929766058922,
      0.02599356137216091
    ],
    "losses": [
      1.6003758907318115,
      1.6162300109863281,
      1.6048380136489868,
      1.6102747917175293,
      1.6095502376556396,
      1.607440710067749,
      1.6204619407653809,
      1.5993379354476929,
      1.6128575801849365,
      1.616481900215149
    ],
    "bytes_transferred": [
      27188,
      27188,
      27188,
      27188,
      27188,
      27188,
      27188,
      27188,
      27188,
      27188
    ],
    "epochs": [
      0,
      0,
      0,
      0,
      0,
      0,
      0,
      0,
      0,
      0
    ],
    "steps": [
      0,
      1,
      2,
      3,
      4,
      5,
      6,
      7,
      8,
      9
    ]
  }
}