{
  "rank": 4,
  "world_size": 16,
  "num_steps": 10,
  "statistics": {
    "compute": {
      "count": 10,
      "min": 0.1528124000033131,
      "max": 2.0562031000008574,
      "mean": 0.4929384100003517,
      "std": 0.528764328984722,
      "p95": 0.4819822999997996,
      "p99": 0.4819822999997996
    },
    "sync": {
      "count": 10,
      "min": 0.01376919999893289,
      "max": 0.19452910000109114,
      "mean": 0.036715530000219584,
      "std": 0.05292014902543724,
      "p95": 0.03238019999844255,
      "p99": 0.03238019999844255
    },
    "optim": {
      "count": 10,
      "min": 0.0006806999954278581,
      "max": 0.001389100005326327,
      "mean": 0.0008279199988464825,
      "std": 0.0001945696237079479,
      "p95": 0.0008570999998482876,
      "p99": 0.0008570999998482876
    },
    "iter": {
      "count": 10,
      "min": 0.1860134000016842,
      "max": 2.252121300007275,
      "mean": 0.5304818599994178,
      "std": 0.5802287689735994,
      "p95": 0.49717689999670256,
      "p99": 0.49717689999670256
    },
    "grad_norm": {
      "count": 10,
      "min": 0.018649213016033173,
      "max": 0.07196954637765884,
      "mean": 0.04028329197317362,
      "std": 0.014933572296087494,
      "p95": 0.05234864726662636,
      "p99": 0.05234864726662636
    },
    "loss": {
      "count": 10,
      "min": 1.5994611978530884,
      "max": 1.6185227632522583,
      "mean": 1.6100601434707642,
      "std": 0.0065178372964623255,
      "p95": 1.6178839206695557,
      "p99": 1.6178839206695557
    }
  },
  "trajectories": {
    "compute_times": [
      2.0562031000008574,
      0.40074160000222037,
      0.26093609999952605,
      0.3421186999985366,
      0.3328814999986207,
      0.4819822999997996,
      0.39747750000242377,
      0.1528124000033131,
      0.26824959999794373,
      0.23598130000027595
    ],
    "sync_times": [
      0.19452910000109114,
      0.014036799999303184,
      0.02043979999871226,
      0.02469809999456629,
      0.01627070000540698,
      0.014443100000789855,
      0.01376919999893289,
      0.03238019999844255,
      0.013902099999540951,
      0.022686200005409773
    ],
    "optim_times": [
      0.001389100005326327,
      0.0008386999979848042,
      0.0008570999998482876,
      0.0007362999967881478,
      0.0007530999937443994,
      0.0007514999961131252,
      0.000738800001272466,
      0.0008207999999285676,
      0.000713100002030842,
      0.0006806999954278581
    ],
    "iter_times": [
      2.252121300007275,
      0.41561709999950835,
      0.2822329999980866,
      0.36755309998989105,
      0.3499052999977721,
      0.49717689999670256,
      0.4119855000026291,
      0.1860134000016842,
      0.2828647999995155,
      0.2593482000011136
    ],
    "grad_norms": [
      0.04644457995891571,
      0.07196954637765884,
      0.043498121201992035,
      0.047990474849939346,
      0.039830971509218216,
      0.05234864726662636,
      0.028852874413132668,
      0.018649213016033173,
      0.027254929766058922,
      0.02599356137216091
    ],
    "losses": [
      1.6097321510314941,
      1.6118996143341064,
      1.6185227632522583,
      1.6178839206695557,
      1.6069200038909912,
      1.6119099855422974,
      1.6172508001327515,
      1.5994611978530884,
      1.6070729494094849,
      1.5999480485916138
    ],
    "bytes_transferred": [
      27188,
      27188,
      27188,
      27188,
      27188,
      27188,
      27188,
      27188,
      27188,
      27188
    ],
    "epochs": [
      0,
      0,
      0,
      0,
      0,
      0,
      0,
      0,
      0,
      0
    ],
    "steps": [
      0,
      1,
      2,
      3,
      4,
      5,
      6,
      7,
      8,
      9
    ]
  }
}