{
  "rank": 3,
  "world_size": 16,
  "num_steps": 10,
  "statistics": {
    "compute": {
      "count": 10,
      "min": 0.10218709999753628,
      "max": 0.6602554000055534,
      "mean": 0.3462044900006731,
      "std": 0.14420616873252534,
      "p95": 0.47638849999930244,
      "p99": 0.47638849999930244
    },
    "sync": {
      "count": 10,
      "min": 0.014000299997860566,
      "max": 0.0902085000052466,
      "mean": 0.037576950001675866,
      "std": 0.026166920463698493,
      "p95": 0.08255100000678794,
      "p99": 0.08255100000678794
    },
    "optim": {
      "count": 10,
      "min": 0.0006456999981310219,
      "max": 0.001421400003891904,
      "mean": 0.0007930399995530024,
      "std": 0.00022008875265866238,
      "p95": 0.0008604999966337346,
      "p99": 0.0008604999966337346
    },
    "iter": {
      "count": 10,
      "min": 0.1854412000029697,
      "max": 0.7518853000146919,
      "mean": 0.384574480001902,
      "std": 0.15086201235656796,
      "p95": 0.49812729999393923,
      "p99": 0.49812729999393923
    },
    "grad_norm": {
      "count": 10,
      "min": 0.018649213016033173,
      "max": 0.07196954637765884,
      "mean": 0.04028329197317362,
      "std": 0.014933572296087494,
      "p95": 0.05234864726662636,
      "p99": 0.05234864726662636
    },
    "loss": {
      "count": 10,
      "min": 1.5991302728652954,
      "max": 1.620200753211975,
      "mean": 1.612014079093933,
      "std": 0.0061283965372708905,
      "p95": 1.61915123462677,
      "p99": 1.61915123462677
    }
  },
  "trajectories": {
    "compute_times": [
      0.6602554000055534,
      0.3852187000011327,
      0.25815619999775663,
      0.34443540000211215,
      0.33653400000184774,
      0.47638849999930244,
      0.4045269999987795,
      0.10218709999753628,
      0.2621034000039799,
      0.23223919999873033
    ],
    "sync_times": [
      0.0902085000052466,
      0.041824499996437225,
      0.042436000003363006,
      0.014000299997860566,
      0.02801690000342205,
      0.021083999999973457,
      0.019590900003095157,
      0.08255100000678794,
      0.01970850000361679,
      0.01634889999695588
    ],
    "optim_times": [
      0.001421400003891904,
      0.000727400001778733,
      0.0008604999966337346,
      0.000694199996360112,
      0.0008372000011149794,
      0.0006547999946633354,
      0.0006456999981310219,
      0.0007030999986454844,
      0.00068710000050487,
      0.0006990000038058497
    ],
    "iter_times": [
      0.7518853000146919,
      0.42777059999934863,
      0.30145269999775337,
      0.3591298999963328,
      0.3653881000063848,
      0.49812729999393923,
      0.4247636000000057,
      0.1854412000029697,
      0.2824990000081016,
      0.24928709999949206
    ],
    "grad_norms": [
      0.04644457995891571,
      0.07196954637765884,
      0.043498121201992035,
      0.047990474849939346,
      0.039830971509218216,
      0.05234864726662636,
      0.028852874413132668,
      0.018649213016033173,
      0.027254929766058922,
      0.02599356137216091
    ],
    "losses": [
      1.6165623664855957,
      1.6113296747207642,
      1.620200753211975,
      1.6093428134918213,
      1.6140159368515015,
      1.6136589050292969,
      1.6044936180114746,
      1.61915123462677,
      1.6122552156448364,
      1.5991302728652954
    ],
    "bytes_transferred": [
      27188,
      27188,
      27188,
      27188,
      27188,
      27188,
      27188,
      27188,
      27188,
      27188
    ],
    "epochs": [
      0,
      0,
      0,
      0,
      0,
      0,
      0,
      0,
      0,
      0
    ],
    "steps": [
      0,
      1,
      2,
      3,
      4,
      5,
      6,
      7,
      8,
      9
    ]
  }
}