{
  "rank": 6,
  "world_size": 16,
  "num_steps": 10,
  "statistics": {
    "compute": {
      "count": 10,
      "min": 0.15649829999892972,
      "max": 0.6433859000026132,
      "mean": 0.3495134099997813,
      "std": 0.13332126934010824,
      "p95": 0.4895174999983283,
      "p99": 0.4895174999983283
    },
    "sync": {
      "count": 10,
      "min": 0.01803430000290973,
      "max": 0.08808829999907175,
      "mean": 0.032484430000477,
      "std": 0.02037037296691534,
      "p95": 0.050253400004294235,
      "p99": 0.050253400004294235
    },
    "optim": {
      "count": 10,
      "min": 0.0006606999959331006,
      "max": 0.0013774999970337376,
      "mean": 0.0008397599980526138,
      "std": 0.00018881993114917603,
      "p95": 0.0008754000009503216,
      "p99": 0.0008754000009503216
    },
    "iter": {
      "count": 10,
      "min": 0.17999669999699108,
      "max": 0.7328516999987187,
      "mean": 0.3828375999983109,
      "std": 0.1492116682180293,
      "p95": 0.5135410999937449,
      "p99": 0.5135410999937449
    },
    "grad_norm": {
      "count": 10,
      "min": 0.018649213016033173,
      "max": 0.07196954637765884,
      "mean": 0.04028329197317362,
      "std": 0.014933572296087494,
      "p95": 0.05234864726662636,
      "p99": 0.05234864726662636
    },
    "loss": {
      "count": 10,
      "min": 1.6025898456573486,
      "max": 1.616131067276001,
      "mean": 1.6111181378364563,
      "std": 0.0045460084678923115,
      "p95": 1.6159783601760864,
      "p99": 1.6159783601760864
    }
  },
  "trajectories": {
    "compute_times": [
      0.6433859000026132,
      0.3931300999975065,
      0.2590988000010839,
      0.3456936000002315,
      0.33438890000252286,
      0.4895174999983283,
      0.3854338999954052,
      0.15649829999892972,
      0.26200560000143014,
      0.22598149999976158
    ],
    "sync_times": [
      0.08808829999907175,
      0.050253400004294235,
      0.026490199998079333,
      0.021391300004324876,
      0.021373199997469783,
      0.023160899996582884,
      0.02613969999947585,
      0.022696300002280623,
      0.01803430000290973,
      0.02721670000028098
    ],
    "optim_times": [
      0.0013774999970337376,
      0.0007982000024640001,
      0.0007868999964557588,
      0.0008754000009503216,
      0.0007291000001714565,
      0.0008626999988337047,
      0.0007592999972985126,
      0.0008020999957807362,
      0.0007456999956048094,
      0.0006606999959331006
    ],
    "iter_times": [
      0.7328516999987187,
      0.4441817000042647,
      0.28637589999561897,
      0.3679603000055067,
      0.3564912000001641,
      0.5135410999937449,
      0.4123328999921796,
      0.17999669999699108,
      0.2807855999999447,
      0.25385889999597566
    ],
    "grad_norms": [
      0.04644457995891571,
      0.07196954637765884,
      0.043498121201992035,
      0.047990474849939346,
      0.039830971509218216,
      0.05234864726662636,
      0.028852874413132668,
      0.018649213016033173,
      0.027254929766058922,
      0.02599356137216091
    ],
    "losses": [
      1.6159783601760864,
      1.607865333557129,
      1.6025898456573486,
      1.615639328956604,
      1.616131067276001,
      1.6155645847320557,
      1.6063116788864136,
      1.6091787815093994,
      1.6090281009674072,
      1.6128942966461182
    ],
    "bytes_transferred": [
      27188,
      27188,
      27188,
      27188,
      27188,
      27188,
      27188,
      27188,
      27188,
      27188
    ],
    "epochs": [
      0,
      0,
      0,
      0,
      0,
      0,
      0,
      0,
      0,
      0
    ],
    "steps": [
      0,
      1,
      2,
      3,
      4,
      5,
      6,
      7,
      8,
      9
    ]
  }
}