{
  "rank": 1,
  "world_size": 16,
  "num_steps": 10,
  "statistics": {
    "compute": {
      "count": 10,
      "min": 0.1516263999947114,
      "max": 0.5520152000026428,
      "mean": 0.33944363000118755,
      "std": 0.11581025906466628,
      "p95": 0.4686472000030335,
      "p99": 0.4686472000030335
    },
    "sync": {
      "count": 10,
      "min": 0.011619600001722574,
      "max": 0.09109399999579182,
      "mean": 0.03492786999922828,
      "std": 0.020582794195136568,
      "p95": 0.04080960000283085,
      "p99": 0.04080960000283085
    },
    "optim": {
      "count": 10,
      "min": 0.0006317000006674789,
      "max": 0.0015541000029770657,
      "mean": 0.0008336000006238464,
      "std": 0.0002479337419806655,
      "p95": 0.0008339999985764734,
      "p99": 0.0008339999985764734
    },
    "iter": {
      "count": 10,
      "min": 0.18493219999072608,
      "max": 0.6446633000014117,
      "mean": 0.3752051000010397,
      "std": 0.13054097117709657,
      "p95": 0.5101034000035725,
      "p99": 0.5101034000035725
    },
    "grad_norm": {
      "count": 10,
      "min": 0.018649213016033173,
      "max": 0.07196954637765884,
      "mean": 0.04028329197317362,
      "std": 0.014933572296087494,
      "p95": 0.05234864726662636,
      "p99": 0.05234864726662636
    },
    "loss": {
      "count": 10,
      "min": 1.5968215465545654,
      "max": 1.6201691627502441,
      "mean": 1.6107102990150453,
      "std": 0.0072814110264903965,
      "p95": 1.6188123226165771,
      "p99": 1.6188123226165771
    }
  },
  "trajectories": {
    "compute_times": [
      0.5520152000026428,
      0.40124910000304226,
      0.24725770000077318,
      0.3617392000014661,
      0.33317689999967115,
      0.4686472000030335,
      0.4005329999999958,
      0.1516263999947114,
      0.2500228999997489,
      0.22816870000679046
    ],
    "sync_times": [
      0.09109399999579182,
      0.04080960000283085,
      0.011619600001722574,
      0.020196099998429418,
      0.02154089999385178,
      0.04066120000061346,
      0.028691599996818695,
      0.03262189999804832,
      0.03132270000060089,
      0.030721100003574975
    ],
    "optim_times": [
      0.0015541000029770657,
      0.0008211000022129156,
      0.0006963999985600822,
      0.0008339999985764734,
      0.0007912000000942498,
      0.0007949999999254942,
      0.0006317000006674789,
      0.000683899997966364,
      0.0007478000043192878,
      0.0007808000009390526
    ],
    "iter_times": [
      0.6446633000014117,
      0.442879800008086,
      0.25957370000105584,
      0.382769299998472,
      0.3555089999936172,
      0.5101034000035725,
      0.429856299997482,
      0.18493219999072608,
      0.2820934000046691,
      0.2596706000113045
    ],
    "grad_norms": [
      0.04644457995891571,
      0.07196954637765884,
      0.043498121201992035,
      0.047990474849939346,
      0.039830971509218216,
      0.05234864726662636,
      0.028852874413132668,
      0.018649213016033173,
      0.027254929766058922,
      0.02599356137216091
    ],
    "losses": [
      1.6183356046676636,
      1.6188123226165771,
      1.6124508380889893,
      1.6106230020523071,
      1.6201691627502441,
      1.6137003898620605,
      1.602310061454773,
      1.604384422302246,
      1.6094956398010254,
      1.5968215465545654
    ],
    "bytes_transferred": [
      27188,
      27188,
      27188,
      27188,
      27188,
      27188,
      27188,
      27188,
      27188,
      27188
    ],
    "epochs": [
      0,
      0,
      0,
      0,
      0,
      0,
      0,
      0,
      0,
      0
    ],
    "steps": [
      0,
      1,
      2,
      3,
      4,
      5,
      6,
      7,
      8,
      9
    ]
  }
}