{
  "rank": 2,
  "world_size": 16,
  "num_steps": 10,
  "statistics": {
    "compute": {
      "count": 10,
      "min": 0.1341549000062514,
      "max": 1.7535201999999117,
      "mean": 0.45877387000145975,
      "std": 0.44186809436047325,
      "p95": 0.48176840000087395,
      "p99": 0.48176840000087395
    },
    "sync": {
      "count": 10,
      "min": 0.01055600000108825,
      "max": 0.20014890000311425,
      "mean": 0.043365279999852645,
      "std": 0.053463341165006346,
      "p95": 0.04758890000084648,
      "p99": 0.04758890000084648
    },
    "optim": {
      "count": 10,
      "min": 0.0005744000009144656,
      "max": 0.0014587999976356514,
      "mean": 0.0008466799998132046,
      "std": 0.0002274137757591948,
      "p95": 0.000930599999264814,
      "p99": 0.000930599999264814
    },
    "iter": {
      "count": 10,
      "min": 0.18257030000677332,
      "max": 1.9551279000006616,
      "mean": 0.5029858300011256,
      "std": 0.4927198763742044,
      "p95": 0.5259191000004648,
      "p99": 0.5259191000004648
    },
    "grad_norm": {
      "count": 10,
      "min": 0.018649213016033173,
      "max": 0.07196954637765884,
      "mean": 0.04028329197317362,
      "std": 0.014933572296087494,
      "p95": 0.05234864726662636,
      "p99": 0.05234864726662636
    },
    "loss": {
      "count": 10,
      "min": 1.6078966856002808,
      "max": 1.6204051971435547,
      "mean": 1.6135567665100097,
      "std": 0.003838794999523897,
      "p95": 1.6156949996948242,
      "p99": 1.6156949996948242
    }
  },
  "trajectories": {
    "compute_times": [
      1.7535201999999117,
      0.4004008000047179,
      0.26056059999973513,
      0.34614280000096187,
      0.3280107000027783,
      0.48176840000087395,
      0.39936959999613464,
      0.1341549000062514,
      0.24985480000032112,
      0.23395590000291122
    ],
    "sync_times": [
      0.20014890000311425,
      0.01055600000108825,
      0.02875129999301862,
      0.022422400004870724,
      0.026042599994980264,
      0.043220100000326056,
      0.011592800001380965,
      0.04758890000084648,
      0.020194400000036694,
      0.02313539999886416
    ],
    "optim_times": [
      0.0014587999976356514,
      0.0007782000029692426,
      0.0008945000008679926,
      0.000822000001790002,
      0.0007981000017025508,
      0.000930599999264814,
      0.0005744000009144656,
      0.0008264999996754341,
      0.0007305999970412813,
      0.0006530999962706119
    ],
    "iter_times": [
      1.9551279000006616,
      0.4117350000087754,
      0.29020639999362174,
      0.3693872000076226,
      0.35485139999946114,
      0.5259191000004648,
      0.41153679999843007,
      0.18257030000677332,
      0.2707797999973991,
      0.257744399998046
    ],
    "grad_norms": [
      0.04644457995891571,
      0.07196954637765884,
      0.043498121201992035,
      0.047990474849939346,
      0.039830971509218216,
      0.05234864726662636,
      0.028852874413132668,
      0.018649213016033173,
      0.027254929766058922,
      0.02599356137216091
    ],
    "losses": [
      1.6086984872817993,
      1.6148362159729004,
      1.6147998571395874,
      1.6078966856002808,
      1.608066439628601,
      1.6149632930755615,
      1.6156949996948242,
      1.6204051971435547,
      1.6148172616958618,
      1.6153892278671265
    ],
    "bytes_transferred": [
      27188,
      27188,
      27188,
      27188,
      27188,
      27188,
      27188,
      27188,
      27188,
      27188
    ],
    "epochs": [
      0,
      0,
      0,
      0,
      0,
      0,
      0,
      0,
      0,
      0
    ],
    "steps": [
      0,
      1,
      2,
      3,
      4,
      5,
      6,
      7,
      8,
      9
    ]
  }
}